Food Group,Major Food Code,Minor Food Code,1974,1975,1976,1977,1978,1979,1980,1981,1982,1983,1984,1985,1986,1987,1988,1989,1990,1991,1992,1993,1994,1995,1996,1997,1998,1999,2000,2001-02,2002-03,2003-04,2004-05,2005-06,2006,2007,2008,2009,2010,2011,2012,2013,2014,2015,2015-16,2016-17,2017-18,2018-19,2019-20,2020-21,2021-22,2022-23,2023-24
,,,331,403,469,547,602,690,776,823,870,919,952,991,1069,1114,1173,1257,1331,1394,1433,1468,1469,1547,1625,1641,1653,1655,1696,1755,1792,1838,1873,1936,1995,2051,2133,2209,2265,2299,2400,2458,2422,2387,2393,2452,2532,2604,2640,2880,2571,2706,2946
,,,29,37,49,58,66,74,84,89,95,97,100,103,108,113,118,127,134,141,152,154,150,150,148,148,144,141,146,144,147,154,156,164,167,171,187,200,189,187,188,187,182,176,175,179,184,190,184,192,182,202,212
"Liquid wholemilk, including school and welfare",,,24,31,41,49,55,61,68,73,78,78,75,73,69,69,66,65,62,59,54,49,46,43,40,36,35,31,32,30,29,31,26,25,27,25,27,28,24,22,18,18,16,17,17,16,17,19,17,18,16,22,22
,"Liquid wholemilk, full price",,24,31,41,49,55,61,68,73,78,77,75,73,69,69,66,65,62,59,54,49,45,42,40,36,34,31,32,30,29,31,26,25,27,25,27,28,24,22,18,18,16,17,17,16,17,19,17,18,16,22,22
,,UHT milk,0,0,0,0,1,1,1,1,1,1,1,0,1,0,1,1,1,1,1,1,1,1,2,1,1,0,0,0,0,1,1,1,1,1,1,1,1,0,0,0,0,0,0,0,0,0,0,1,0,1,0
,,Sterilised,1,2,2,2,3,3,3,4,4,4,4,6,5,4,4,4,3,3,3,2,2,2,2,2,2,1,2,1,1,0,0,0,0,0,0,0,0,0,0,0,0,0,0,0,0,,0,0,0,,
,,Pasteurised/ homogenised,22,29,39,46,52,57,64,69,73,73,70,67,64,64,61,61,59,55,50,46,42,40,35,33,32,29,30,29,28,30,24,24,26,24,27,28,23,22,17,17,15,17,17,16,16,18,17,18,15,22,22
,School milk [note 6],,0,0,0,0,0,0,0,0,0,0,0,0,0,0,0,0,0,0,0,0,0,0,0,0,0,0,0,,,,,,,,,,,,,,,,,,,,,,,,
,Welfare milk [note 11],,0,0,0,0,0,0,0,0,0,0,0,0,0,0,0,0,0,0,0,0,0,0,0,0,0,0,0,,,,,,0,0,0,,,,,,,,,,,,,,,,
Other milk and cream,,,5,7,8,9,10,13,16,16,17,20,25,30,39,44,51,61,71,82,98,104,104,108,108,111,109,110,114,114,118,123,131,139,140,147,160,172,165,165,170,169,166,159,157,163,167,171,167,174,166,179,190
,Skimmed milks,,0,0,0,0,0,1,1,1,2,3,7,9,16,19,24,30,37,42,54,57,57,59,56,59,57,56,56,54,55,55,60,65,63,68,76,81,78,75,76,73,72,61,61,63,61,64,62,61,57,65,62
,,Fully skimmed milk,0,0,0,0,0,0,0,0,1,1,3,4,7,7,8,9,10,11,11,12,11,11,7,8,8,8,7,7,8,8,8,9,9,10,10,11,11,11,10,10,9,8,8,8,8,10,9,9,8,9,8
,,Semi-skimmed milk,0,0,0,0,0,0,1,1,1,2,4,6,10,12,16,21,27,32,42,45,46,48,49,51,49,48,48,46,47,48,52,56,54,58,66,69,66,64,66,63,63,53,53,54,53,54,53,52,49,56,55
,Condensed or evaporated milk,,1,2,2,2,2,2,3,3,3,2,2,2,2,2,2,2,2,2,2,2,2,2,2,2,1,1,1,1,1,1,1,1,1,1,1,1,1,1,1,2,1,1,1,2,1,1,1,1,1,2,1
,Infant milks,,0,1,1,0,1,1,1,1,1,1,1,1,1,1,2,2,2,2,2,2,3,3,3,3,2,2,3,4,4,4,4,4,5,6,6,8,6,8,8,10,7,11,11,8,10,10,9,5,4,5,7
,,Infant or baby milks - ready to drink,0,0,0,0,0,0,0,0,0,0,0,0,0,0,0,0,0,0,0,0,0,0,0,0,0,0,0,0,0,1,1,1,1,1,1,1,1,1,1,2,1,2,2,1,2,1,1,1,1,1,0
,,Infant or baby milks - dried,0,0,1,0,1,1,1,1,1,1,1,1,1,1,2,2,2,2,2,2,2,3,3,3,2,2,3,4,3,3,4,4,4,5,5,7,5,7,6,8,6,9,8,7,8,9,8,4,3,4,7
,Instant dried milk,,0,1,1,1,1,1,1,2,2,2,2,2,2,2,2,2,1,1,2,1,1,1,1,1,1,1,1,0,1,0,0,0,0,0,0,0,0,0,0,0,0,0,0,0,0,0,0,1,0,1,1
,Yoghurt and fromage frais,,1,1,2,2,3,3,5,5,5,6,8,10,11,12,14,16,19,23,27,28,27,29,30,31,30,30,33,31,34,36,40,43,44,44,48,51,50,50,52,52,52,52,52,53,52,54,52,54,54,53,60
,,Yoghurt,1,1,2,2,3,3,5,5,5,6,8,10,11,12,14,16,19,23,23,23,23,24,25,25,25,26,28,27,28,31,35,37,39,38,42,45,44,44,46,46,47,47,47,49,49,50,49,52,52,50,58
,,Fromage frais,,,,,,,,,,,,,,,,,,,4,5,5,5,5,6,5,5,5,4,5,5,5,6,6,6,6,6,6,6,6,5,5,5,5,4,3,3,3,2,2,3,3
,Other milks and dairy desserts,,0,0,0,0,0,0,0,0,0,1,1,1,2,2,3,4,4,6,7,9,9,10,10,11,12,14,14,17,19,20,20,20,20,21,21,23,22,22,24,24,25,25,25,28,33,32,32,41,39,43,47
,,Dairy desserts - not frozen,0,0,0,0,0,0,0,0,0,0,1,1,1,2,2,3,3,4,5,6,7,7,8,8,10,10,10,12,13,14,14,13,13,14,14,16,16,16,16,15,15,15,15,16,17,15,16,16,16,18,18
,,Dried milk products,,,,,,,,,,,,,,,,,,,0,0,0,0,0,0,0,0,0,0,1,0,0,0,0,0,0,0,0,0,0,0,0,0,0,0,2,1,0,0,0,0,1
,,Milk drinks and other milks [note 7],0,0,0,0,0,0,0,0,0,0,0,0,0,0,1,1,1,1,1,3,2,2,2,2,2,3,3,5,5,6,4,4,4,4,4,5,4,4,5,5,5,5,5,5,6,8,7,9,8,9,13
,,Non-dairy milk substitutes [note 7],,,,,,,,,,,,,,,,,,,,,,,,,,,,,,,2,3,3,3,3,3,2,2,3,4,4,4,5,7,8,9,9,15,15,16,15
,Cream,,2,2,2,3,3,4,5,4,5,5,5,5,5,5,5,6,5,6,5,6,5,5,6,6,6,6,6,5,5,5,5,6,6,6,6,7,8,8,8,8,8,8,8,9,10,10,10,11,11,11,11
,,,9,10,12,15,17,20,24,26,27,30,29,31,34,34,38,40,41,43,46,48,47,49,53,55,51,52,54,57,58,59,60,63,64,68,70,75,79,80,81,85,81,79,80,85,87,90,92,107,97,104,111
Natural cheese,,,8,9,11,14,15,19,22,24,25,27,27,29,31,31,35,36,38,39,41,43,42,44,47,49,46,47,48,50,51,51,53,57,57,61,63,69,72,74,74,78,73,72,72,78,80,83,85,99,88,94,101
,Hard cheese - cheddar type,,5,6,8,10,11,13,15,17,18,18,18,19,20,20,23,24,25,25,26,27,27,28,29,31,30,29,31,30,30,31,30,34,35,37,40,43,44,45,45,48,44,42,42,43,45,45,45,52,47,52,52
,Hard cheese - other uk or foreign equivalent,,2,2,2,2,3,3,4,4,4,5,4,5,5,5,5,5,5,5,6,6,6,6,7,7,6,5,6,7,7,6,7,7,6,7,7,7,7,7,6,6,6,5,6,7,6,6,6,7,7,6,9
,Hard cheese - edam or other foreign,,0,1,1,1,1,1,1,1,1,2,2,2,2,2,3,3,3,3,4,4,4,4,5,4,4,5,4,5,6,5,6,6,5,6,6,7,7,7,8,9,8,8,9,10,10,11,12,13,13,12,12
,Cottage cheese,,0,0,0,0,0,1,1,1,1,1,1,1,2,2,2,2,2,2,2,2,2,2,2,2,2,2,2,2,2,2,1,1,1,1,1,1,1,1,2,2,2,2,2,2,2,2,1,2,1,1,2
,Soft natural cheese,,0,0,0,1,1,1,1,1,1,2,2,2,2,2,3,3,3,3,3,3,3,3,4,5,4,5,5,6,6,8,8,9,9,10,10,10,13,13,14,14,14,14,14,17,18,19,20,25,20,23,26
Processed cheese,,,1,1,1,1,1,1,2,2,2,2,2,3,3,3,3,4,4,4,5,4,5,5,6,6,5,5,6,7,7,8,7,7,7,7,7,6,6,7,7,7,7,7,7,7,7,7,7,8,9,10,10
,,,44,52,59,70,80,92,105,102,109,108,104,110,113,110,114,122,116,118,108,111,105,101,104,105,100,98,106,103,106,111,114,114,120,121,122,127,130,129,136,136,141,135,136,127,133,127,129,160,120,118,136
Beef and veal,,,24,30,32,39,45,50,55,53,58,57,55,59,61,63,64,67,58,61,56,57,56,53,45,50,48,49,54,56,57,60,64,63,68,67,68,71,73,72,77,81,84,82,82,82,83,82,80,101,76,74,88
,Beef joints - on the bone,,1,3,2,4,3,4,4,1,2,2,2,2,2,3,3,2,2,2,2,1,1,2,3,2,0,0,0,1,1,1,1,1,1,1,1,0,1,0,0,1,1,1,1,1,1,1,1,0,1,0,1
,Beef joints - boned,,9,11,12,14,16,16,19,18,21,20,18,20,20,20,20,20,18,16,15,14,16,15,8,9,11,11,13,14,15,15,15,14,17,14,14,14,13,14,15,14,15,15,15,14,14,13,11,18,13,11,13
,Beef steak - less expensive,,6,7,8,9,11,12,12,13,13,14,13,12,13,13,13,13,12,12,12,11,10,10,9,9,9,7,8,7,8,7,8,10,10,10,10,11,11,11,12,11,13,13,13,13,14,13,13,17,15,14,17
,Beef steak - more expensive,,5,6,6,6,9,10,11,11,11,10,11,12,13,14,14,17,12,14,12,13,13,14,13,17,16,16,17,19,18,21,23,21,21,22,21,21,23,20,21,25,26,23,22,25,25,28,25,36,22,20,27
,Minced beef,,4,4,5,6,6,8,9,9,11,11,11,12,12,13,14,15,14,16,15,16,14,14,11,12,12,13,15,14,15,15,16,17,18,21,22,24,25,27,29,29,29,30,30,28,30,27,29,29,25,28,31
,All other beef and veal,,0,0,0,0,0,0,0,0,0,0,0,1,0,0,0,0,1,1,0,0,0,0,1,1,1,1,1,1,1,0,1,1,0,0,0,0,0,0,1,1,0,0,0,1,0,0,1,0,0,1,0
Mutton and lamb,,,11,13,15,17,19,23,26,26,25,26,24,25,24,23,25,27,29,29,27,27,23,22,29,26,24,25,25,24,25,27,25,28,28,29,27,28,30,28,29,28,28,27,30,21,26,22,28,32,23,22,22
,Mutton,,0,0,0,0,0,0,0,0,0,0,0,0,0,0,0,0,0,0,0,0,0,0,1,0,0,0,0,0,0,0,1,1,0,0,0,0,0,0,1,0,1,0,1,0,0,1,1,0,1,1,0
,Lamb joints,,6,7,9,10,12,13,15,15,14,15,14,14,14,13,13,15,16,15,13,13,10,11,13,12,11,12,11,12,13,13,12,13,13,15,12,13,14,13,14,13,15,14,16,8,14,11,13,13,10,11,10
,Lamb chops,,4,5,5,6,6,8,9,9,9,9,9,9,9,9,10,11,11,12,12,11,10,9,10,9,9,9,10,9,9,11,10,12,12,11,12,10,11,11,9,10,9,9,9,9,8,7,8,13,9,7,7
,All other lamb,,1,1,1,1,1,1,1,2,1,1,1,1,1,1,1,1,2,2,2,3,2,2,5,4,4,4,3,3,3,3,3,3,3,3,4,4,4,4,5,4,4,4,4,4,4,4,6,6,3,3,5
Pork,,,9,10,11,14,17,19,24,23,26,24,25,26,28,25,26,28,29,28,25,27,26,25,31,29,27,24,26,24,24,24,24,23,24,25,27,28,28,29,30,28,30,26,25,24,24,23,20,27,21,21,25
,Pork joints,,4,4,5,6,7,7,10,9,11,10,9,9,11,9,9,10,9,8,6,9,8,8,7,8,7,7,8,7,7,7,7,6,7,9,9,9,9,9,9,8,11,8,8,8,7,7,6,9,7,6,7
,Pork chops,,4,4,5,5,7,8,9,10,11,11,11,12,12,11,12,12,13,13,12,11,10,10,12,11,9,9,9,8,8,7,7,7,6,6,7,7,6,5,6,5,4,4,4,3,4,3,3,3,2,3,3
,Pork fillets and steaks,,1,1,1,1,1,1,2,2,2,2,2,2,3,3,3,3,4,4,4,4,5,4,5,5,5,6,6,7,8,7,6,6,7,7,8,7,8,9,9,8,9,8,8,7,8,8,7,8,7,7,8
,All other pork,,1,1,1,1,1,2,2,2,2,2,2,2,2,2,2,2,3,3,3,3,2,3,6,5,5,2,2,1,1,4,4,4,3,3,4,5,5,5,6,7,6,6,6,6,5,5,5,6,5,6,7
,,,56,65,76,91,101,117,130,142,152,160,167,172,182,194,203,224,244,244,260,284,285,301,321,329,332,327,338,355,364,382,380,381,385,393,406,423,441,449,471,484,482,456,458,485,492,503,510,532,476,510,557
Liver,,,4,4,5,5,5,6,6,6,6,4,5,5,5,5,4,4,4,4,3,3,3,3,2,2,2,2,2,1,1,1,1,1,1,1,1,1,1,1,1,1,1,1,1,1,1,1,1,1,1,1,1
,Ox liver,,0,1,1,1,1,1,1,1,1,1,1,1,1,1,0,0,0,0,0,0,0,0,0,0,0,0,0,0,0,0,0,0,0,0,0,0,0,0,0,0,0,0,0,0,0,0,0,0,0,0,0
,Lambs liver,,2,3,3,3,3,4,3,3,3,3,3,3,3,3,3,3,3,2,2,2,1,2,1,1,1,1,1,1,1,1,1,0,0,0,1,1,1,0,0,1,0,0,0,0,0,0,0,0,0,0,0
,Pigs liver,,1,1,1,1,1,1,2,2,2,1,1,1,1,1,1,1,1,1,1,1,1,1,1,1,0,0,0,0,0,0,0,0,0,0,0,0,0,0,0,0,0,0,0,0,0,0,0,0,0,0,0
,All other liver,,0,0,0,0,0,0,0,0,0,0,0,0,0,0,0,0,0,0,0,0,0,0,0,0,0,0,0,0,0,0,0,0,0,0,0,0,0,0,0,0,0,0,0,1,0,0,0,0,1,0,1
All offal other than liver,,,1,1,1,1,1,1,2,2,1,2,2,1,1,1,1,1,1,1,1,1,1,1,1,1,0,1,1,1,1,1,1,1,0,0,1,1,1,1,1,1,1,1,1,1,1,1,1,1,0,1,1
"Bacon and ham, uncooked",,,13,15,18,20,22,24,26,27,28,29,28,29,29,29,30,32,33,32,31,31,30,32,37,36,35,32,35,37,36,37,37,35,36,36,40,42,43,43,44,43,42,38,37,38,35,36,34,40,31,34,38
,"Bacon and ham joints, uncooked",,3,4,4,5,5,6,6,7,7,8,7,7,8,9,9,9,9,8,7,8,7,8,9,11,13,10,11,9,9,9,9,9,9,9,10,12,12,12,13,13,11,10,9,11,9,9,9,10,8,7,10
,"Bacon and ham rashers, uncooked",,10,12,14,15,17,18,19,20,21,21,21,22,21,21,21,23,24,24,24,23,22,24,28,25,22,22,24,28,27,28,28,26,27,27,30,31,32,30,31,31,30,28,28,27,26,27,25,30,23,26,27
"Bacon and ham, cooked",,,4,5,6,6,7,8,9,10,11,11,11,12,12,13,13,16,17,17,18,19,21,22,19,25,24,24,25,31,31,35,33,34,36,37,38,39,39,40,40,40,39,37,38,38,39,36,36,39,37,37,37
Cooked poultry not purchased in cans,,,1,1,1,1,1,2,2,2,3,3,3,3,4,5,7,5,7,7,8,9,10,13,15,20,21,21,20,23,24,25,26,26,27,26,25,27,28,28,30,32,30,31,31,32,34,32,37,34,29,34,33
,"Chicken and turkey, cooked",,1,1,1,1,1,2,2,2,2,2,2,3,4,5,6,5,6,6,7,8,9,10,9,14,14,14,15,18,18,19,20,20,21,20,19,20,19,21,21,23,21,21,21,21,20,19,22,20,20,20,21
,Takeaway chicken,,0,0,0,0,0,0,0,0,0,0,0,0,0,1,1,1,1,1,1,1,1,3,5,6,7,7,5,5,5,5,6,6,6,6,6,6,8,8,9,9,9,10,11,11,14,13,15,14,9,14,11
"Corned beef, canned or sliced",,,2,3,3,4,5,5,5,6,6,7,6,7,7,7,6,7,7,6,6,6,6,5,4,4,4,3,3,3,3,4,4,4,5,4,5,6,6,5,5,5,5,6,6,6,5,5,5,5,5,5,5
Other cooked meat,,,2,3,2,2,3,3,4,4,5,5,5,6,6,6,6,6,5,6,6,5,5,5,11,5,4,4,5,6,7,8,8,8,9,9,9,10,10,11,13,13,14,12,12,11,11,12,11,12,12,13,13
Other canned meat and canned meat products,,,4,4,4,4,4,5,5,5,5,6,5,6,6,6,6,6,6,6,7,7,6,7,6,5,6,5,6,6,7,7,7,6,6,5,6,7,7,7,6,6,6,5,5,4,5,6,6,5,5,6,5
"Chicken, uncooked - whole chicken or chicken pieces",,,7,9,11,13,15,18,19,21,22,23,26,25,29,31,32,34,39,39,39,41,40,41,50,51,48,48,53,51,51,58,57,62,62,64,70,73,75,81,86,89,89,82,81,84,83,89,91,95,86,97,96
"Other poultry, uncooked (including frozen)",,,1,1,1,2,2,3,4,4,3,5,5,5,5,6,6,6,6,5,6,7,7,7,12,10,10,9,8,12,12,11,13,11,10,11,11,11,10,10,13,13,12,9,9,13,11,10,10,11,8,9,11
,"Turkey, uncooked - whole turkey or turkey pieces",,1,1,1,2,1,2,3,4,3,4,5,4,4,5,5,5,5,4,5,7,7,7,10,9,9,8,7,11,10,10,11,9,9,10,9,9,8,7,11,11,10,7,7,10,8,8,8,8,6,8,8
,"Poultry other than chicken or turkey, uncooked",,0,0,0,0,0,0,0,0,0,0,1,0,0,0,0,0,1,1,1,1,1,1,2,2,1,1,1,1,2,1,2,2,1,2,2,2,2,2,2,2,2,2,2,3,2,1,2,3,2,1,3
"Other fresh, chilled and frozen meat",,,0,0,0,0,0,0,0,0,0,0,0,0,0,0,0,0,0,0,0,0,0,0,0,0,0,0,0,1,0,0,1,1,1,1,1,0,1,1,1,2,1,1,0,2,1,0,0,1,2,1,1
"Sausages, uncooked - pork",,,4,4,5,6,6,7,8,8,8,8,7,8,7,7,7,8,8,10,10,11,10,11,14,15,14,13,15,15,16,18,18,18,19,20,21,23,24,23,25,26,26,24,24,23,27,25,25,31,25,27,27
"Sausages, uncooked - beef and other sausages",,,3,3,4,4,6,6,6,7,7,8,8,8,8,7,7,8,8,5,6,5,5,5,4,4,3,4,4,3,2,2,2,2,2,2,1,1,2,2,2,2,2,2,2,2,3,2,2,3,2,2,2
"Meat pies and sausage rolls, ready to eat",,,1,2,2,3,3,3,4,4,5,5,5,5,5,5,5,6,6,5,6,6,7,7,8,8,8,7,8,16,18,12,12,9,10,9,9,9,10,10,10,10,10,11,10,11,12,12,11,12,12,11,13
,"Meat pies, ready to eat",,1,2,2,2,2,3,3,3,3,4,4,4,4,4,4,4,4,4,4,5,5,5,6,6,6,5,5,13,15,9,8,5,6,5,5,5,6,5,5,6,6,6,6,7,6,6,5,7,7,6,7
,"Sausage rolls, ready to eat",,0,0,1,1,1,1,1,1,1,1,1,1,1,1,1,2,2,1,2,2,2,2,3,3,3,2,3,3,3,4,4,4,4,4,4,4,4,5,5,4,5,5,5,4,6,5,5,5,5,5,6
"Meat pies, pasties and puddings, frozen or not frozen",,,2,3,3,2,3,3,4,4,4,5,5,6,7,7,8,8,9,9,9,9,10,9,9,9,10,10,10,11,10,16,15,19,18,19,19,20,21,21,22,21,21,20,20,22,23,21,23,23,23,25,28
"Burgers, frozen or not frozen",,,1,1,2,3,4,4,5,5,7,6,7,7,7,7,7,8,9,10,10,11,11,11,9,9,9,9,9,8,7,8,8,7,8,8,8,9,10,10,9,10,11,11,11,10,11,13,12,13,13,14,16
Ready meals and convenience meat products,,,2,3,4,6,7,8,10,11,13,14,15,17,19,22,24,29,32,35,39,45,48,45,47,53,56,57,65,65,71,70,69,67,65,67,68,73,78,80,86,92,91,91,93,95,105,117,111,121,114,117,148
,"Complete meat-based ready meals, frozen or not frozen",,0,1,1,1,2,2,3,3,3,4,5,5,6,7,7,9,11,11,13,16,16,14,19,23,25,24,30,38,42,44,42,39,38,38,36,39,41,42,45,46,44,43,45,42,53,58,54,54,57,54,72
,"Other convenience meat products, frozen or not frozen",,2,2,3,4,5,6,7,8,9,10,11,12,14,15,17,19,21,24,26,29,31,32,28,30,30,33,35,27,29,26,27,27,27,29,32,34,37,38,40,47,47,48,48,54,52,59,56,67,57,62,76
Pate and delicatessen type sausage,,,1,1,1,1,2,3,4,4,4,5,5,5,6,6,7,7,7,7,8,8,8,9,9,9,8,8,10,7,7,8,8,7,7,8,10,9,11,12,12,13,13,13,12,12,12,14,14,15,16,14,17
,Pate,,,,,,,,,,,,,,,,,,,,3,3,3,3,3,3,3,3,3,2,2,2,2,2,2,2,2,2,2,2,2,3,2,2,2,2,2,2,2,3,2,2,3
,Delicatessen type sausages,,1,1,1,1,2,3,4,4,4,5,5,5,6,6,7,7,7,7,5,5,6,6,6,6,5,6,6,5,5,6,6,5,5,6,8,7,9,9,9,10,10,11,10,10,10,12,12,12,13,12,14
Meat pastes and spreads,,,1,1,1,2,1,1,2,2,2,2,2,2,2,2,2,2,2,2,2,2,2,2,1,2,1,2,1,1,1,1,1,1,1,1,1,1,1,1,1,0,0,0,1,0,1,0,0,0,1,0,0
Takeaway meats,,,1,1,2,4,5,7,8,10,11,13,17,16,18,22,24,32,37,36,44,57,55,65,61,60,67,68,58,56,57,61,61,61,62,65,61,61,64,63,63,64,68,64,64,79,73,73,81,69,56,62,63
,Takeaway meat pies and pasties,,0,0,0,0,1,1,1,1,1,1,1,1,1,1,2,2,2,2,2,3,3,4,3,3,3,4,2,2,2,2,2,2,2,2,2,2,2,2,2,2,1,1,1,2,2,2,1,1,1,1,2
,Takeaway burger and bun,,0,0,0,0,1,1,1,1,1,1,2,2,2,2,2,3,4,4,5,6,6,6,6,6,7,7,6,6,5,6,6,6,5,6,5,6,6,6,7,6,7,8,8,10,9,10,13,14,11,12,12
,Takeaway kebabs,,0,0,0,0,0,1,1,1,1,1,2,2,2,2,2,3,4,4,4,6,6,7,6,6,7,7,6,6,6,7,7,7,6,7,8,7,7,8,8,9,11,10,10,9,13,10,10,9,7,10,7
,Takeaway sausages and saveloys,,0,0,0,0,0,0,0,0,0,0,0,0,0,1,1,1,1,1,1,1,1,1,1,1,1,1,1,2,2,2,2,2,2,2,2,2,2,3,2,2,2,2,2,2,2,2,3,1,2,3,3
,Takeaway meat based meals,,1,1,1,3,3,4,5,7,8,9,12,11,13,15,17,23,27,26,31,41,40,46,44,43,48,48,42,41,41,45,44,44,47,49,43,44,47,44,43,45,46,43,43,56,48,48,53,43,35,36,38
,Takeaway miscellaneous meats,,,,,,,,,,,,,,,,,,,,,,,1,1,1,1,1,1,0,0,0,0,0,0,0,0,0,0,0,0,0,0,0,0,0,0,0,0,1,0,0,0
,,,14,16,18,21,24,28,32,35,36,41,41,45,51,54,59,64,68,68,70,74,73,75,78,77,79,83,81,93,93,94,99,104,111,116,115,117,117,120,124,129,129,135,132,129,137,150,146,169,144,144,151
"White fish, fresh, chilled or frozen",,,5,6,7,7,9,9,11,11,11,12,12,13,15,16,17,18,19,21,18,18,19,18,20,18,19,19,19,21,20,17,16,16,17,17,18,16,16,14,18,16,17,16,15,13,16,16,16,21,19,18,15
,"White fish, fresh or chilled",,4,4,4,5,6,7,7,7,7,8,8,8,10,10,11,11,11,12,10,11,11,10,10,9,10,10,10,12,11,11,12,12,13,13,13,11,13,11,13,13,13,12,12,11,13,13,14,17,15,14,12
,"White fish, frozen",,1,1,2,2,3,3,4,4,4,4,4,5,6,6,6,7,8,9,8,7,8,8,10,9,9,9,9,9,9,6,4,4,4,4,5,5,4,3,5,4,4,4,3,2,3,3,3,4,5,5,3
"Herrings and other blue fish, fresh, chilled or frozen",,,0,0,0,0,0,0,0,0,0,1,1,1,1,1,1,1,1,2,2,2,1,2,2,2,3,3,2,4,3,4,4,4,4,5,4,4,3,3,4,3,3,4,4,4,4,4,3,3,3,2,3
,"Herrings and other blue fish, fresh or chilled",,0,0,0,0,0,0,0,0,0,1,1,1,1,1,1,1,1,2,2,2,1,2,2,2,3,2,2,3,3,4,3,4,4,5,3,3,3,3,3,3,3,3,3,3,3,3,3,2,2,2,3
,"Herrings and other blue fish, frozen",,,,,,,,,,,,,,,,,,,,,,,,,,,1,0,1,0,0,0,0,0,0,0,0,0,0,0,0,0,0,0,0,0,1,1,1,1,0,1
"Salmon, fresh, chilled or frozen",,,0,0,0,0,0,0,1,1,1,1,1,1,1,1,2,2,2,2,3,3,2,3,4,4,5,6,7,7,7,7,8,9,11,11,11,12,12,14,14,16,17,18,16,19,17,22,19,23,23,21,26
,"Salmon, fresh or chilled",,0,0,0,0,0,0,1,1,1,1,1,1,1,1,2,2,2,2,3,3,2,3,4,4,5,5,6,6,6,7,7,9,10,10,9,10,11,12,13,15,16,17,15,18,16,21,17,22,22,20,23
,"Salmon, frozen",,,,,,,,,,,,,,,,,,,,,,,,,,,1,1,1,1,0,0,1,1,1,2,2,1,1,1,1,1,1,1,1,2,1,2,2,1,1,2
"Blue fish, dried or salted or smoked",,,0,0,1,1,1,1,1,1,1,1,1,1,1,2,2,2,2,2,3,3,3,3,3,3,3,3,4,4,4,4,5,5,6,7,7,6,7,8,8,9,10,10,10,12,12,11,10,14,11,9,12
"White fish, dried, salted or smoked",,,1,1,1,1,1,1,2,2,2,2,2,2,2,2,2,2,2,3,3,2,3,2,4,3,3,4,3,3,3,3,3,3,3,3,4,3,3,3,3,3,3,3,3,4,2,4,3,3,2,1,2
Shellfish,,,0,0,1,1,1,1,1,1,2,2,2,3,3,3,4,4,4,5,5,5,5,6,6,5,5,5,6,8,9,9,10,10,12,14,12,13,13,12,11,12,13,14,14,12,13,14,14,16,13,17,15
,"Shellfish, fresh or chilled",,0,0,0,0,1,1,1,1,1,1,1,2,2,2,2,3,3,3,3,3,3,4,4,4,3,4,4,3,4,6,6,5,7,9,7,9,8,8,7,7,8,9,9,7,8,9,9,10,9,11,9
,"Shellfish, frozen",,0,0,0,0,0,0,0,0,1,1,1,1,1,1,1,1,1,2,2,2,2,2,2,2,2,2,2,5,5,3,4,5,5,5,5,5,6,4,4,4,5,5,5,5,5,6,5,5,5,6,6
Takeaway fish,,,2,3,3,3,4,5,5,6,7,8,7,7,8,10,9,9,10,8,10,12,13,11,8,8,9,10,7,13,13,12,14,12,13,14,13,15,13,15,13,13,13,16,16,13,14,14,14,15,10,12,11
"Salmon, tinned",,,1,2,1,1,2,2,2,3,2,3,3,3,4,4,4,4,4,5,4,4,4,4,4,4,4,3,3,3,3,3,3,3,3,3,3,3,2,2,2,3,3,2,2,2,3,2,2,2,2,2,2
Other tinned or bottled fish,,,1,1,2,2,2,2,2,3,3,3,3,4,4,5,5,6,7,6,7,6,6,6,7,7,7,8,8,9,9,9,10,10,10,10,11,12,11,13,14,14,14,13,13,13,14,15,17,16,14,13,15
Ready meals and other fish products - frozen or not frozen,,,2,2,3,4,4,5,6,6,8,8,9,9,10,10,11,12,13,12,13,16,15,11,10,11,12,11,12,16,17,21,23,25,27,28,29,28,31,33,33,35,32,35,34,34,37,41,43,48,41,42,44
Takeaway fish meals and fish products,,,0,0,0,0,0,0,1,1,1,1,1,1,1,1,2,2,2,2,2,3,3,9,11,11,12,11,10,5,5,4,4,6,5,5,4,5,4,4,5,4,5,5,5,4,6,6,4,9,6,7,7
,Takeaway fish products,,0,0,0,0,0,0,0,0,0,0,0,0,0,0,0,0,0,0,0,1,1,1,1,1,1,1,1,1,1,1,1,1,1,1,1,1,1,1,1,0,1,1,1,1,1,1,1,1,1,1,2
,Takeaway fish based meals,,0,0,0,0,0,0,0,0,1,1,1,1,1,1,1,2,2,1,2,2,2,8,10,10,11,10,9,4,4,4,4,5,4,4,4,4,4,4,4,4,4,5,4,3,5,6,3,8,5,6,5
,,,11,11,13,14,14,16,18,19,19,18,19,19,19,19,18,16,18,18,17,16,16,16,17,16,16,16,16,17,17,18,18,19,19,23,26,27,28,28,30,31,30,28,28,29,30,32,32,34,31,39,43
,,,15,18,21,26,28,31,33,33,34,34,36,37,37,34,35,37,37,37,38,38,37,37,41,38,37,36,37,36,37,36,37,38,40,41,49,47,50,53,55,55,52,52,52,46,57,59,58,65,55,72,70
Butter,,,7,9,12,13,15,17,17,16,15,16,14,14,12,11,11,11,10,10,9,10,9,10,11,11,11,10,11,12,11,10,11,12,12,14,16,15,16,19,20,20,20,20,20,16,20,21,20,24,19,24,24
Margarine,,,3,4,5,7,7,8,9,10,10,10,12,12,11,11,11,10,11,11,11,10,5,5,4,3,3,2,3,2,2,1,1,3,3,3,5,5,5,5,6,6,4,4,4,8,12,13,13,13,12,17,13
,Soft margarine,,2,2,3,4,5,6,7,7,7,7,9,9,9,9,10,10,10,11,10,9,5,5,3,2,3,2,2,1,1,1,1,3,3,3,4,5,5,5,5,5,4,4,4,7,11,12,12,13,12,16,12
,Other margarine,,2,2,2,3,2,2,2,3,3,3,3,3,2,2,1,1,0,1,0,0,0,0,1,1,0,0,0,0,0,0,1,0,0,0,0,0,0,1,1,1,0,0,0,1,1,1,0,1,1,1,1
"Lard, cooking fat",,,2,3,2,3,3,3,3,3,3,3,3,4,3,2,2,2,2,2,1,1,1,1,1,1,1,1,1,0,0,0,0,0,0,0,1,0,0,0,0,0,0,0,0,0,0,0,0,0,0,0,0
Vegetable and salad oils,,,1,1,1,1,2,2,2,2,2,2,3,3,3,3,3,4,4,4,5,5,5,6,7,7,6,6,7,7,8,7,8,8,10,9,12,11,11,12,13,14,12,15,15,11,13,13,14,16,13,18,20
,Olive oil,,0,0,0,0,0,0,0,0,0,0,1,1,1,1,1,1,1,1,1,1,1,1,1,1,1,1,1,3,4,4,4,5,6,5,6,6,6,6,5,7,6,6,6,5,7,7,7,9,7,8,11
,Other vegetable and salad oils,,1,1,1,1,1,1,2,2,2,2,2,2,3,2,3,3,3,3,4,4,4,5,6,6,5,5,6,4,4,4,4,4,4,4,6,6,6,6,7,7,6,9,9,6,6,6,7,7,6,10,9
All other fats,,,1,1,1,1,1,1,2,2,3,3,3,5,7,6,8,10,10,10,12,12,16,16,17,17,15,16,15,16,16,16,17,14,14,14,16,15,16,17,16,14,15,13,13,11,12,11,11,12,10,12,12
,Reduced fat spreads,,0,0,0,0,0,0,1,1,1,1,0,0,2,2,3,4,4,4,5,5,9,9,10,11,9,10,10,11,10,11,8,8,9,8,10,9,10,9,9,8,8,7,7,6,6,6,6,7,5,7,6
,Low fat spreads,,0,0,0,0,0,1,1,1,1,1,2,2,3,3,3,4,4,4,4,5,4,5,5,4,4,4,4,3,3,3,6,4,4,4,3,4,4,5,4,4,4,3,3,3,3,2,2,2,2,2,2
,Suet and dripping,,0,0,0,0,0,0,0,0,0,0,0,0,0,0,0,0,0,0,0,0,0,0,0,0,0,0,0,0,0,0,0,0,0,0,0,0,1,1,1,1,1,1,1,1,1,1,1,0,1,1,1
,Imitatation cream,,0,0,0,0,0,0,0,0,1,1,1,2,1,1,1,1,1,1,2,2,2,2,2,2,2,2,1,2,2,2,2,2,2,2,2,2,2,2,2,2,2,2,2,2,2,3,2,3,2,3,3
,,,9,16,15,16,16,18,20,21,21,23,22,21,21,21,21,21,21,23,21,22,20,20,23,21,19,17,16,15,16,16,17,17,17,17,19,20,21,21,23,23,21,19,19,20,21,18,19,25,21,20,24
Sugar,,,6,12,11,11,12,13,14,16,16,16,16,14,14,14,14,14,14,14,13,13,12,12,14,12,10,9,8,7,8,8,8,8,8,8,8,9,9,10,11,11,9,7,7,7,7,6,6,9,6,7,9
Jams and fruit curds,,,1,2,2,2,2,2,2,2,3,3,3,3,3,3,3,3,3,4,4,4,4,4,4,4,4,3,4,4,4,3,4,4,4,4,4,4,4,4,4,4,5,4,4,4,4,4,4,6,5,4,6
Marmalade,,,1,1,1,1,1,1,2,2,2,2,2,2,2,2,2,2,2,3,3,3,3,3,3,3,3,3,2,2,2,2,2,2,2,2,2,2,2,2,2,2,2,2,2,2,2,2,2,2,1,2,2
"Syrup, treacle",,,0,0,0,0,0,0,0,0,0,1,0,0,0,0,0,0,1,1,0,0,0,0,1,1,0,1,1,1,1,1,1,1,1,1,1,1,1,1,1,2,2,2,1,2,2,1,2,3,3,2,3
Honey,,,0,0,1,1,1,1,1,1,1,1,1,1,1,1,1,1,1,1,1,1,1,2,2,2,2,1,1,2,2,2,3,3,3,3,3,3,5,4,4,5,4,4,5,5,6,4,5,6,5,5,5
,,,62,80,97,103,105,124,139,151,162,181,190,195,221,240,255,272,300,323,326,328,337,370,384,386,406,417,411,421,428,442,451,483,504,519,521,529,554,558,582,605,592,590,595,620,638,656,654,743,643,660,725
,,,41,54,69,69,68,83,91,100,109,120,128,129,145,159,167,178,195,206,213,217,225,253,259,252,266,274,265,271,269,279,284,294,303,317,320,329,343,343,358,375,361,355,358,363,376,387,393,442,378,411,442
,,,14,22,32,27,24,31,33,38,46,48,53,47,54,63,61,67,74,75,82,85,92,110,110,100,111,113,105,104,99,102,102,101,103,108,109,111,113,116,121,129,123,123,123,120,127,127,128,135,120,139,147
Fresh potatoes,,,8,14,22,17,12,17,15,17,21,22,25,18,22,24,23,25,28,28,25,24,29,39,32,26,35,34,33,36,31,32,34,34,35,37,38,36,36,35,37,42,37,34,34,33,34,31,28,31,23,27,28
,Fresh new potatoes [note 7],,3,4,9,8,4,6,6,6,9,7,12,7,8,10,10,9,13,11,12,9,10,16,15,10,12,16,12,15,12,13,9,9,9,9,9,9,9,8,8,9,8,8,7,7,7,8,6,7,5,6,6
,Fresh baking potatoes [note 7],,3,5,6,5,5,6,5,6,8,6,8,6,7,7,6,7,8,9,7,8,9,11,10,7,11,10,10,10,8,9,5,5,6,6,6,5,5,6,6,7,6,6,6,6,6,6,5,5,4,6,6
,Other fresh potatoes [note 7],,2,5,6,3,3,5,4,6,5,9,5,5,7,8,6,9,8,8,7,7,10,12,7,9,12,9,11,11,10,11,20,20,21,22,24,23,22,21,24,27,23,21,21,20,20,17,17,18,14,15,17
Processed potatoes,,,6,8,11,10,12,15,17,21,24,26,27,30,33,38,39,41,46,47,57,61,63,72,79,74,76,79,72,68,68,70,68,67,68,70,71,74,76,81,84,87,86,88,89,88,93,96,100,105,97,112,119
,Chips and takeaway chips,,3,4,6,5,6,8,9,11,12,13,12,13,15,19,18,19,21,19,24,28,30,34,34,32,34,35,29,29,29,29,28,28,28,30,30,31,31,33,33,34,34,36,36,36,38,37,41,40,32,40,40
,,Chips - frozen or not frozen,1,2,3,2,2,3,4,5,6,6,6,7,7,9,9,10,11,11,13,14,15,18,18,16,18,19,17,10,10,10,9,9,11,11,12,13,13,14,14,15,15,15,14,15,15,16,16,18,16,20,21
,,Takeaway chips,2,3,4,3,4,5,5,6,6,7,6,7,8,9,9,9,10,8,11,14,15,16,15,15,16,16,12,19,19,18,19,18,18,19,18,18,18,19,19,19,19,21,22,22,23,22,25,21,15,20,19
,Instant potato,,0,0,1,1,0,0,0,0,0,0,0,0,0,0,0,0,0,1,1,0,0,1,0,0,1,0,1,1,1,1,1,1,1,0,0,0,0,0,0,0,0,0,0,0,0,0,0,0,0,0,0
,Canned potatoes,,0,0,0,0,0,0,0,0,0,0,0,0,0,0,1,1,1,1,1,1,1,1,1,1,1,0,0,0,0,0,0,0,0,0,0,0,0,0,0,0,0,0,0,0,0,0,0,0,0,0,0
,Crisps and potato snacks,,2,3,3,4,4,5,6,8,9,11,12,13,14,16,17,18,20,23,27,28,27,30,37,35,34,35,34,30,29,31,30,30,30,31,32,34,36,38,40,42,41,40,41,40,42,46,46,51,52,58,62
,"Other potato products, frozen or not frozen",,0,0,1,1,1,1,1,1,2,2,2,2,2,3,3,3,4,4,4,5,5,6,7,6,7,8,7,8,9,9,9,9,8,9,9,8,8,10,10,11,11,11,11,11,12,12,13,13,13,14,16
,,,48,58,65,76,81,93,107,113,116,133,137,147,167,177,194,206,226,248,243,243,245,260,274,286,295,304,306,317,330,340,349,382,401,411,411,419,441,442,460,476,469,468,472,500,511,529,526,608,524,521,578
,,,27,33,37,42,43,52,58,62,64,72,75,82,91,97,106,112,121,131,130,132,133,142,149,152,155,162,160,167,170,177,182,194,200,209,210,218,230,227,236,245,237,233,235,243,249,260,264,307,259,272,295
Fresh green vegetables,,,6,6,7,8,8,10,11,12,12,14,14,15,17,17,20,21,23,25,24,25,25,27,28,31,33,34,36,40,40,43,43,45,46,49,45,46,49,48,51,51,49,48,48,48,48,49,50,57,49,50,52
,Fresh cabbages,,2,2,2,2,2,3,3,3,3,4,4,4,4,4,4,4,5,5,4,4,4,4,4,4,4,4,4,4,4,4,4,5,5,5,5,5,5,5,5,5,5,5,5,5,5,5,5,6,5,5,5
,Fresh brussels sprouts,,1,1,1,1,1,2,1,2,1,2,2,2,2,2,2,2,2,2,2,2,2,1,2,2,2,2,1,2,2,2,2,2,2,2,2,2,2,2,2,2,2,2,2,2,2,1,2,2,2,2,2
,Fresh cauliflower,,1,1,1,2,2,2,3,3,3,3,4,3,4,3,4,4,5,7,7,8,8,9,8,9,9,8,8,9,9,9,9,11,10,11,10,11,10,11,11,11,10,8,8,9,9,10,10,11,10,11,11
,Leafy salads fresh,,1,2,2,2,2,3,3,3,3,4,4,4,5,6,6,7,7,8,8,8,8,9,10,11,12,13,14,17,17,19,19,19,20,20,18,19,22,21,22,22,21,20,20,19,18,20,18,20,19,19,19
,,Lettuce and leafy salads,1,2,2,2,2,3,3,3,3,4,4,4,5,6,6,7,7,8,8,8,8,9,10,11,12,13,14,17,7,8,8,8,9,9,8,8,9,8,8,8,7,7,7,7,7,8,7,8,7,7,8
,,Prepared lettuce salads,,,,,,,,,,,,,,,,,,,,,,,,,,,,,10,11,11,11,11,12,10,11,13,13,14,14,13,13,13,12,11,12,11,12,12,12,11
,Fresh peas,,0,0,0,0,0,0,0,0,0,0,0,0,0,0,0,0,1,1,1,1,1,1,1,1,2,2,2,2,2,2,2,2,2,2,2,2,2,2,2,2,2,2,2,2,2,2,2,2,2,2,2
,Fresh beans,,0,0,0,0,0,0,1,0,0,1,1,1,1,1,1,1,1,1,1,2,2,2,2,3,4,4,4,4,5,5,5,6,5,6,5,5,6,6,6,6,6,6,6,6,6,5,6,6,5,5,5
,Other fresh green vegetables,,0,0,0,0,0,0,0,0,0,0,1,1,1,1,2,2,2,1,0,0,0,1,1,1,1,2,2,1,1,1,2,2,2,2,2,2,2,3,3,4,4,5,5,6,6,6,7,9,6,7,7
Other fresh vegetables,,,10,12,14,15,17,19,23,25,24,28,30,32,36,39,43,44,48,51,51,51,52,58,59,60,62,65,67,75,77,80,85,91,96,100,102,105,113,110,113,118,114,111,111,113,114,118,120,141,115,120,135
,Fresh carrots,,1,1,2,2,2,2,2,3,3,3,4,4,4,5,5,5,6,7,6,6,6,6,6,6,7,6,6,7,6,6,7,8,8,9,9,9,9,9,10,10,9,8,8,8,7,8,8,8,6,7,7
,Fresh turnips and swede,,0,0,1,1,1,1,1,1,1,1,1,1,1,1,1,1,1,2,2,2,1,2,2,2,2,2,2,2,2,2,2,2,2,2,2,2,2,1,1,2,1,1,2,1,1,1,1,1,1,1,1
,Other fresh root vegetables,,0,0,0,1,1,1,1,1,1,1,1,1,1,1,1,2,2,2,2,2,2,2,3,3,3,3,3,4,4,4,5,6,6,6,7,7,7,6,7,8,8,8,8,10,9,8,8,9,8,8,9
,"Fresh onions, leeks and shallots",,1,2,2,2,2,3,3,3,3,4,4,4,5,5,6,6,7,7,7,7,8,9,8,9,9,9,9,11,11,11,11,12,12,13,14,14,15,16,15,15,14,14,14,13,13,14,15,18,14,16,17
,Fresh cucumbers,,1,1,1,1,1,2,2,2,2,2,3,3,3,4,4,4,5,4,4,4,4,5,4,4,4,4,5,5,5,5,6,5,6,6,6,7,7,7,7,7,6,6,6,6,6,7,8,8,7,9,10
,Fresh mushrooms,,1,1,1,2,2,2,3,3,3,4,4,5,6,6,7,7,7,9,9,9,9,10,10,10,10,10,10,10,10,10,10,9,9,10,10,11,12,11,11,11,12,11,11,11,11,12,12,14,12,12,11
,Fresh tomatoes,,4,5,6,6,7,7,9,9,9,10,10,10,11,11,12,12,13,13,12,12,12,12,13,12,14,15,16,17,18,19,19,20,21,22,21,22,25,23,24,25,23,23,23,23,24,24,24,29,24,24,26
,Miscellaneous fresh vegtables,,1,1,1,1,1,2,2,3,2,3,3,4,5,5,6,7,7,9,9,10,10,12,13,14,14,16,16,21,22,23,26,30,31,33,33,33,37,36,39,40,40,39,40,41,41,45,43,54,43,43,54
,,"Fresh vegetable stewpack, stirfry pack etc.",0,0,0,0,0,0,0,0,0,1,1,1,1,1,1,1,1,1,2,2,2,2,2,2,2,3,3,4,4,4,6,6,6,7,8,7,8,7,8,8,9,8,9,8,7,8,7,9,7,6,7
,,Fresh stem vegetables,0,0,0,0,0,0,1,1,1,1,1,1,1,1,1,1,2,2,2,2,2,3,3,3,3,4,4,5,5,5,5,6,7,7,6,7,8,7,8,8,8,8,8,8,9,10,9,12,9,9,10
,,"Fresh marrow, courgettes, aubergine, pumpkin and other vegetables",0,0,0,0,1,1,1,1,1,1,2,2,2,3,3,3,4,4,4,5,5,6,6,7,7,8,8,10,10,11,12,14,14,15,15,15,17,17,18,19,18,17,17,19,19,20,21,25,21,21,27
,,Fresh herbs,0,0,0,0,0,0,0,0,0,0,0,1,1,1,1,1,1,1,1,1,1,2,2,2,2,2,2,3,3,3,3,3,3,4,4,4,5,5,5,5,5,6,6,6,6,7,6,7,6,8,9
Processed vegetables excluding processed potatoes,,,11,14,16,19,18,22,24,26,28,30,31,35,38,40,43,46,50,54,56,56,56,57,62,61,59,62,58,52,53,54,55,57,59,60,64,67,69,69,72,76,74,75,76,82,87,93,94,109,95,102,108
,"Tomatoes, canned or bottled",,1,1,1,1,1,2,2,2,2,2,2,3,2,3,3,3,4,4,4,3,3,3,3,3,3,3,3,3,3,4,4,4,3,4,5,6,6,6,6,7,6,6,6,7,7,8,7,8,6,8,7
,"Peas, canned",,2,2,3,3,3,3,3,3,4,4,4,4,4,3,4,4,4,4,4,3,3,3,3,3,3,2,3,2,2,2,2,2,2,2,2,2,2,2,2,2,2,2,2,2,1,1,1,2,1,1,1
,Beans canned,,3,3,4,4,4,5,5,6,6,7,7,8,8,9,9,9,9,9,9,8,8,8,9,9,9,8,9,7,8,7,8,9,9,9,11,12,12,12,12,12,12,12,12,11,12,13,13,14,13,15,15
,,Baked beans in sauce,3,3,3,4,4,4,5,5,6,6,6,7,7,8,8,8,8,8,8,7,7,7,7,7,8,7,7,6,6,6,6,7,8,8,9,10,10,10,10,10,9,9,9,8,9,9,9,10,9,10,10
,,Other canned beans and pulses,0,0,0,0,0,1,1,1,1,1,1,1,1,1,1,1,1,1,1,1,1,1,1,1,1,1,1,1,1,1,1,2,2,2,1,2,2,2,2,2,2,2,2,3,3,3,4,4,4,5,5
,Other canned vegetables,,1,1,2,2,2,2,2,3,3,3,3,3,3,3,4,4,4,4,5,4,4,4,4,4,4,4,4,3,3,3,3,3,3,3,3,4,4,3,4,4,3,4,4,4,4,4,4,5,4,4,6
,Dried pulses other than air-dried,,0,1,1,1,1,1,1,1,1,1,1,1,1,1,1,1,1,1,1,1,1,1,1,1,1,1,1,1,1,1,1,1,1,1,2,1,1,2,2,2,1,2,2,2,3,2,2,2,3,3,3
,Air-dried vegetables,,0,0,0,0,0,0,0,0,0,0,0,0,0,0,0,0,0,0,0,0,0,0,1,0,0,0,0,0,0,1,0,0,0,0,0,0,0,0,0,0,0,0,0,0,0,0,0,1,1,0,0
,Vegetable juices and purees,,0,0,0,0,0,0,0,0,0,1,0,1,1,1,1,1,1,1,1,1,1,1,1,1,1,1,1,1,1,1,1,1,1,1,1,1,2,2,2,2,2,2,2,2,2,2,2,2,2,3,3
,,Tomato puree and vegetable purees,0,0,0,0,0,0,0,0,0,0,0,0,0,1,1,1,1,1,1,1,1,1,1,1,1,1,1,1,1,1,1,1,1,1,1,1,1,1,1,1,1,1,1,1,2,1,2,2,1,2,3
,,"Vegetable juices eg tomato juice, carrot juice",0,0,0,0,0,0,0,0,0,0,0,0,0,0,0,0,0,0,0,0,0,0,0,0,0,0,0,0,0,0,0,1,1,1,1,0,0,1,1,0,1,1,1,0,0,0,1,1,0,1,1
,"Peas, frozen",,2,2,2,3,3,4,4,4,5,4,5,5,5,5,6,5,6,6,5,5,5,5,6,6,5,5,5,4,4,4,4,4,4,4,5,5,5,5,5,5,5,5,5,5,5,5,5,5,4,4,4
,"Beans, frozen",,1,1,1,1,1,1,1,2,2,1,2,2,2,2,2,2,1,2,2,1,1,2,1,1,1,1,1,1,1,1,1,0,0,1,1,0,0,0,1,1,0,0,0,0,0,0,0,1,0,1,0
,Ready meals and other vegetable products (inc takeaways),,1,1,1,1,1,1,2,2,2,3,4,4,6,7,9,10,12,13,17,19,21,21,23,23,23,26,22,25,25,25,27,29,29,29,29,30,32,31,33,35,37,37,38,43,47,51,54,62,55,55,59
,,"Ready meals and other vegetable products, frozen or not frozen",0,1,1,1,1,1,1,1,2,3,3,3,5,6,7,8,10,11,13,15,16,15,16,16,16,18,17,17,19,18,19,21,21,21,21,21,24,23,25,27,27,28,28,31,35,39,41,48,44,45,48
,,All vegetable takeaway products,0,0,0,0,0,0,0,0,0,1,1,1,1,2,2,2,3,3,3,4,4,6,7,7,7,9,6,7,6,7,8,8,8,8,8,9,8,8,8,9,10,9,10,12,12,11,12,14,11,10,12
,Other frozen vegetables,,1,1,2,2,2,3,3,3,4,3,4,5,5,6,6,7,8,10,10,9,9,10,10,10,10,10,9,5,5,6,5,5,5,5,5,5,5,5,6,6,6,5,5,6,6,6,6,7,5,7,8
,,,21,25,28,34,37,41,48,51,52,61,62,66,76,81,88,94,105,117,113,111,112,118,125,134,140,143,146,150,159,163,167,188,201,202,201,200,211,215,224,230,232,235,237,257,262,269,261,302,265,249,283
Fresh fruit,,,12,15,16,20,22,24,29,30,32,37,37,40,47,49,54,58,67,72,71,69,74,78,82,89,93,95,97,102,111,115,119,131,136,138,139,138,146,146,152,155,160,166,167,182,186,190,185,208,181,169,195
,Fresh oranges,,2,3,3,3,3,4,4,4,4,5,5,5,6,6,7,6,7,7,6,5,6,6,6,6,6,5,6,6,6,7,6,7,6,7,6,6,7,7,7,7,7,7,7,7,8,7,7,9,8,7,8
,Other fresh citrus fruits,,1,1,1,2,2,2,3,3,3,4,3,4,5,5,5,6,6,6,7,7,7,8,8,9,9,9,10,10,12,12,12,12,13,13,14,14,14,15,15,16,16,16,16,17,18,19,19,20,17,16,17
,Fresh apples,,4,6,6,8,8,8,9,10,11,12,12,12,14,14,15,16,19,21,20,16,18,19,19,20,20,19,20,19,21,22,21,21,22,23,22,23,23,22,24,25,24,23,23,25,23,24,24,28,25,19,23
,Fresh pears,,1,1,1,1,1,1,1,2,1,2,2,2,2,2,3,3,4,4,4,4,4,4,5,5,5,5,5,5,5,6,6,6,7,6,6,6,7,7,6,7,6,6,6,6,7,6,6,7,5,5,6
,Fresh stone fruit,,1,1,1,1,1,2,2,2,2,3,3,3,4,5,4,5,5,6,5,6,7,7,7,8,8,11,11,12,14,15,15,17,18,16,16,15,16,17,18,18,19,23,23,25,26,26,25,28,23,22,27
,Fresh grapes,,0,0,0,1,1,1,1,2,1,2,2,2,3,3,4,4,5,6,6,7,7,8,8,9,10,11,10,12,13,14,14,17,17,17,18,18,19,20,19,20,21,20,21,21,21,20,20,23,20,19,21
,Other fresh soft fruit,,0,1,0,1,1,1,2,2,1,2,2,2,2,2,3,3,3,3,3,3,4,5,5,5,6,7,7,8,10,12,15,17,19,22,21,24,25,25,28,26,30,35,37,43,45,47,45,54,47,43,54
,Fresh bananas,,2,3,3,4,4,4,5,5,6,6,7,8,9,9,11,12,14,15,15,15,16,16,18,20,22,22,21,22,21,19,19,21,21,21,21,20,21,20,20,21,20,20,20,20,22,22,22,21,19,19,21
,Fresh melons,,0,0,0,0,0,0,0,1,0,1,1,1,1,1,1,1,2,2,2,2,2,3,3,3,3,3,4,4,4,4,4,4,5,4,4,4,5,4,5,4,5,5,5,6,6,7,7,7,6,6,6
,Other fresh fruit,,0,0,0,0,0,0,1,1,1,1,1,1,1,1,1,2,2,2,2,2,2,3,3,3,3,4,4,4,5,4,6,7,8,8,10,8,10,9,10,11,11,10,10,11,10,11,11,11,10,11,11
Processed fruit and fruit products,,,9,11,12,14,15,17,20,20,21,24,24,26,29,32,34,36,38,44,42,42,38,40,43,45,46,47,49,48,49,48,48,58,65,64,62,62,65,69,72,76,72,69,70,75,76,79,76,93,84,80,88
,"Tinned peaches, pears and pineapples",,2,3,3,3,4,4,4,3,4,4,4,4,4,4,4,4,4,4,4,3,3,3,3,3,3,2,3,2,2,2,2,2,2,2,2,2,2,2,2,2,2,2,2,2,2,2,2,3,2,1,2
,All other tinned or bottled fruit,,3,3,3,4,4,4,4,3,4,4,4,4,4,4,4,4,4,4,5,4,4,4,5,5,4,5,4,4,4,4,4,4,4,4,4,4,4,4,4,4,4,4,4,5,5,5,4,5,5,4,5
,Dried fruit,,2,2,2,3,3,4,4,4,3,4,4,4,5,5,4,4,5,5,5,5,5,5,5,6,5,5,5,5,6,5,6,7,7,7,7,8,8,9,9,9,9,8,8,9,8,9,9,11,9,8,7
,"Frozen strawberries, apple slices, peach halves, oranges and other frozen fruits",,0,0,0,0,0,0,0,0,0,0,0,0,0,0,0,0,0,1,1,1,1,1,1,1,1,1,1,0,0,0,0,0,1,1,1,1,1,1,1,1,1,2,2,2,3,4,3,5,4,4,3
,"Nuts, edible seeds and peanut butter",,1,1,1,2,2,2,3,3,3,4,4,4,4,6,5,5,6,7,7,8,8,7,8,8,8,7,8,9,10,11,13,14,15,14,14,16,17,17,19,23,24,24,25,30,30,30,30,37,32,28,36
,,Nuts and edible seeds,1,1,1,2,2,2,3,2,3,3,3,3,4,5,4,4,5,6,6,7,7,6,7,7,7,6,7,9,9,10,12,14,14,14,13,15,15,15,18,21,22,22,22,27,27,27,27,33,28,25,32
,,Peanut butter,0,0,0,0,0,0,0,0,0,0,0,1,1,1,1,1,1,1,1,1,1,1,1,1,1,1,1,1,1,1,1,1,1,1,1,1,2,1,2,2,2,2,2,3,3,3,3,4,4,3,5
,Pure fruit juices,,1,1,2,2,3,4,5,7,7,8,9,11,12,13,17,18,19,24,20,20,18,20,22,24,27,27,28,27,27,25,23,30,36,36,35,32,33,37,37,37,32,29,28,28,29,29,28,33,32,34,34
,,,21,25,27,32,37,41,48,51,53,54,56,59,65,67,71,73,74,74,76,76,75,76,79,79,80,80,81,86,88,90,93,97,102,108,117,118,116,119,123,127,117,113,111,112,119,118,126,118,113,129,135
White bread,,,16,18,19,22,26,27,29,31,32,31,30,30,28,28,30,30,31,29,31,30,29,29,32,31,31,30,32,32,32,33,31,31,30,33,38,39,36,35,36,35,30,29,29,25,27,26,27,24,23,28,26
,"White bread, standard, unsliced",,5,6,6,9,9,10,10,11,10,10,9,8,10,10,10,12,11,7,7,7,8,7,6,6,5,5,6,5,5,4,7,5,5,4,5,4,4,4,4,4,4,4,4,3,3,3,3,2,2,2,2
,"White bread, standard, sliced",,11,12,13,14,16,17,19,21,21,21,21,22,19,19,19,19,20,22,20,19,18,19,17,14,13,14,14,24,25,28,23,25,25,28,33,34,31,30,32,30,26,24,24,22,23,22,23,20,19,23,22
,"White bread, premium, sliced and unsliced",,,,,,,,,,,,,,,,,,,,3,3,2,2,7,10,11,10,11,3,2,1,1,1,0,0,0,0,0,0,0,0,0,0,0,0,0,0,0,0,1,1,1
,"White bread, soft grain, sliced and unsliced",,,,,,,,,,,,,,,,,,,,2,2,1,1,1,1,1,1,1,0,0,0,0,0,0,0,0,0,0,0,0,0,0,1,0,0,1,1,1,1,1,1,1
Brown and wholemeal bread,,,2,3,3,4,5,7,9,10,10,11,13,15,20,18,19,19,19,20,19,18,17,16,16,15,14,15,14,12,13,13,16,19,21,22,24,24,23,25,23,23,22,19,19,20,19,19,19,18,17,18,18
,"Brown bread, sliced and unsliced",,2,2,3,3,4,5,7,6,6,6,7,8,8,8,9,9,9,10,9,9,8,8,7,7,7,7,6,3,4,4,4,4,4,5,6,6,6,6,6,5,4,4,4,4,4,4,4,4,4,4,4
,"Wholemeal and granary bread, sliced and unsliced",,0,1,1,1,1,2,3,3,4,5,6,7,11,10,10,10,10,10,10,10,9,8,9,8,7,8,9,9,9,9,12,15,17,17,18,19,17,19,17,18,18,15,15,16,15,15,15,14,13,13,14
Total other bread,,,3,4,5,6,6,7,9,10,11,12,13,14,17,20,22,24,25,25,25,27,28,31,31,32,35,35,34,41,43,43,45,47,51,53,55,54,58,59,64,69,65,65,64,66,72,73,81,76,73,84,91
,"Rolls - white, brown or wholemeal",,2,3,1,1,4,5,6,7,8,8,9,10,10,11,12,12,13,14,13,12,13,14,13,12,12,12,12,13,13,13,14,13,14,15,15,16,16,15,15,16,16,16,15,13,14,14,14,12,13,14,13
,Malt bread and fruit loaves,,0,0,0,0,0,0,1,1,1,1,1,1,1,1,1,1,1,1,1,1,1,1,1,1,1,1,2,2,2,2,2,2,2,2,2,2,2,2,2,2,2,2,2,3,3,3,3,3,2,2,3
,Vienna and french bread,,0,0,2,3,0,1,1,1,1,1,1,1,1,1,2,2,2,2,3,3,3,4,4,5,5,5,5,5,5,4,4,5,5,5,5,5,6,6,6,6,6,6,6,6,6,6,8,7,6,7,9
,Starch reduced bread and rolls,,0,0,0,0,0,0,0,0,0,0,0,0,0,0,0,1,1,1,1,1,1,1,1,1,1,1,1,1,1,1,1,1,1,1,2,2,1,2,1,1,1,1,1,1,1,1,1,0,1,1,1
,Other breads,,0,0,0,0,1,1,1,1,1,1,1,2,3,4,4,5,5,5,4,5,5,6,7,8,9,9,9,10,11,11,12,13,14,15,16,15,16,19,22,24,21,21,20,22,25,25,27,32,28,31,33
,Sandwiches,,0,0,0,0,0,0,0,0,0,0,0,1,1,1,2,2,2,2,2,3,3,3,3,4,5,5,4,6,6,6,7,7,7,8,8,8,9,9,9,11,10,11,12,12,14,13,15,11,15,16,21
,Sandwiches from takeaway,,0,0,0,0,0,0,0,0,0,0,0,0,0,1,1,1,1,1,1,1,1,1,1,2,2,2,2,3,2,3,3,3,3,3,4,3,4,3,4,4,5,4,4,4,5,7,8,7,6,8,7
,Takeaway breads,,,,,,,,,,,,,,,,,,,,,,,,,,,,,3,3,3,3,3,3,3,3,3,4,3,4,4,4,4,4,5,4,5,5,5,3,4,4
Flour,,,2,2,3,4,4,4,4,4,4,4,4,3,4,4,4,4,4,4,4,4,3,2,3,2,2,2,3,2,3,2,3,3,3,3,4,4,4,6,5,5,4,5,5,5,6,4,4,8,5,5,5
"Cakes, buns and pastries",,,12,14,14,16,18,21,23,25,27,28,29,31,33,35,37,39,42,44,45,47,50,51,56,59,57,57,59,54,57,57,60,61,60,60,63,64,63,64,70,69,70,72,70,73,77,78,82,83,94,95,103
,"Buns, scones and teacakes",,11,12,12,14,15,18,20,22,23,24,25,26,27,30,31,32,35,35,36,39,41,43,45,48,47,47,48,46,47,47,49,50,49,49,51,51,50,51,56,53,54,55,17,16,18,17,20,20,21,24,28
,Cakes and pastries,,11,12,12,14,15,18,20,22,23,24,25,26,27,30,31,32,35,35,36,39,41,43,45,48,47,47,48,45,46,46,48,49,48,48,50,50,48,50,54,52,52,53,53,56,59,61,62,63,73,70,75
,,"Cakes and pastries, not frozen",,,,,,,,,,,,,,,,,,,,,,,,,,,,1,1,1,1,1,1,1,1,1,1,1,1,1,1,2,51,55,58,58,59,60,70,67,72
,,Takeaway pastries,2,2,2,3,3,3,3,4,4,4,4,5,5,5,6,7,7,8,9,9,9,8,11,11,10,10,11,8,9,10,12,11,11,11,12,13,13,13,14,16,16,17,2,2,2,3,3,3,3,3,4
Biscuits and crispbreads,,,12,15,16,19,21,24,27,28,30,31,31,32,34,36,38,40,42,44,46,46,45,46,53,51,50,49,52,49,54,51,54,54,56,56,64,66,67,71,74,76,76,75,76,77,77,77,84,84,84,84,99
,Crispbread,,4,4,5,5,7,8,9,10,11,12,12,13,13,15,16,17,17,18,19,20,20,20,24,23,23,22,23,22,24,21,20,20,20,19,22,24,24,25,25,25,26,25,4,4,4,4,4,4,4,4,5
,Biscuits other than chocolate,,7,10,11,13,13,15,17,17,18,17,18,18,20,20,20,21,23,24,25,24,23,23,27,26,25,24,26,25,28,28,31,31,33,35,39,39,40,42,46,46,46,45,45,44,44,44,49,46,49,47,54
,,Sweet biscuits (not chocolate) and cereal bars,6,8,9,10,11,12,14,14,15,14,15,15,16,16,17,17,19,20,20,20,19,19,22,22,21,20,22,21,24,23,26,27,28,30,35,34,35,37,40,40,39,38,38,37,37,36,40,37,40,38,45
,,Cream crackers and other unsweetened biscuits,1,2,2,3,2,3,3,3,3,3,3,3,4,4,4,4,4,4,4,4,4,4,5,4,4,4,4,5,4,5,5,5,5,5,5,5,5,6,6,6,6,7,7,7,8,8,9,9,9,9,9
,Chocolate biscuits,,1,1,1,1,1,1,1,2,1,1,1,1,1,1,1,2,2,2,2,2,2,2,2,2,2,2,3,2,2,2,2,3,3,3,3,3,3,4,4,5,4,4,27,29,29,29,31,34,32,33,40
Other cereals and cereal products,,,11,13,15,18,21,25,30,34,36,38,42,46,53,58,64,72,80,92,100,97,98,118,125,130,130,136,142,166,165,167,166,173,178,182,191,201,211,214,225,229,231,237,240,243,248,259,270,274,247,259,291
,Oatmeal and oat products,,0,0,0,1,1,1,1,1,1,1,1,2,2,2,3,2,2,3,2,1,1,1,1,2,1,2,2,2,2,2,2,3,3,3,4,4,4,4,5,5,5,5,4,5,5,5,5,5,5,5,6
,Breakfast cereals,,4,5,5,6,7,8,10,11,12,13,15,16,18,20,21,23,25,28,30,30,32,32,34,34,34,34,35,35,36,37,37,39,39,39,40,43,43,44,44,47,46,43,42,40,41,41,45,44,42,39,44
,,Muesli,0,0,1,1,1,1,1,1,1,1,2,2,2,2,2,2,3,3,3,3,3,3,2,3,2,3,4,4,4,4,4,5,4,5,4,5,5,6,5,6,6,7,7,6,7,7,8,8,7,7,9
,,High fibre breakfast cereals,1,2,2,2,3,3,4,4,4,5,6,6,7,8,8,9,10,11,11,11,12,12,13,13,14,12,12,14,14,15,15,16,16,16,16,17,17,17,16,17,17,16,16,15,15,14,16,15,15,14,15
,,Sweetened breakfast cereals,1,1,1,2,2,2,2,3,3,3,4,4,5,5,5,6,6,7,8,7,9,9,9,9,9,12,12,11,11,11,11,10,10,10,11,13,11,12,11,12,13,12,11,12,12,12,13,12,12,11,13
,,Other breakfast cereals,1,1,1,2,2,2,3,3,3,4,4,4,5,5,6,6,7,8,8,8,8,8,10,8,9,7,7,7,7,8,7,8,9,8,9,9,9,11,11,12,10,8,8,7,7,7,8,9,8,7,7
,Canned milk puddings,,1,1,2,2,1,2,2,2,2,2,2,2,2,2,2,3,3,3,3,3,4,4,4,4,4,4,4,3,3,3,3,4,4,4,4,4,4,4,4,4,4,4,4,4,5,4,4,5,5,5,6
,,Canned or fresh carton custard,1,1,1,1,1,1,1,1,1,1,1,1,1,1,1,1,1,2,2,2,2,2,2,2,2,2,2,2,2,2,2,2,2,2,3,3,3,3,3,3,3,3,3,3,3,2,3,3,3,3,4
,,All canned milk puddings,1,1,1,1,1,1,1,1,1,1,1,1,1,1,1,1,1,2,2,2,2,2,2,2,2,2,2,1,2,1,1,1,1,1,2,2,2,2,1,1,1,1,1,1,2,1,2,1,1,2,2
,Puddings,,1,1,1,1,1,1,1,1,1,1,1,1,2,2,2,2,2,3,2,2,2,3,3,3,3,3,3,4,4,4,5,5,4,5,5,6,6,6,5,5,5,5,5,5,6,5,5,5,6,6,8
,Rice,,1,1,1,1,1,1,2,2,2,2,2,2,3,4,3,4,4,5,6,6,6,12,16,16,15,16,15,22,22,22,23,23,24,25,27,29,28,28,30,31,32,32,32,31,29,32,34,28,23,27,31
,,Dried rice,0,0,0,1,1,1,1,1,1,1,1,1,1,2,2,2,2,3,3,3,3,7,9,9,7,8,8,7,8,8,8,8,9,8,11,11,10,11,11,11,11,12,12,8,10,11,11,11,8,11,12
,,Cooked rice,0,0,0,0,0,0,0,0,0,0,0,0,0,0,0,0,0,0,0,0,0,1,1,1,1,1,1,2,1,2,2,2,2,3,4,5,5,5,6,6,7,7,7,9,8,7,9,8,8,7,10
,,Takeaway rice,0,0,0,0,0,1,1,1,1,1,1,1,1,2,1,2,2,2,3,2,2,5,6,7,7,7,6,13,12,13,13,13,13,13,12,13,13,12,14,14,14,13,14,14,12,13,14,9,8,8,9
,"Invalid foods, slimming foods and sports foods",,0,0,0,0,0,0,0,0,0,0,0,0,0,0,0,0,0,0,1,0,0,0,0,0,0,0,0,1,2,3,2,2,4,2,3,5,4,6,6,7,6,6,7,6,8,11,11,9,15,7,17
,Infant cereal foods,,0,0,1,1,1,1,1,1,1,1,2,2,2,2,2,2,2,2,2,2,2,2,1,3,2,1,2,1,1,1,1,1,1,1,1,1,1,1,1,2,1,1,1,2,2,2,2,2,2,2,2
,Cakes and pastries - frozen,,0,0,1,1,1,1,2,3,3,2,3,3,3,3,4,5,6,6,7,8,8,8,7,6,6,6,6,4,4,4,3,3,3,3,4,4,3,3,4,3,4,3,3,3,3,3,3,4,3,3,3
,Pasta,,1,1,1,1,1,2,2,2,2,2,2,2,2,2,2,3,3,3,3,3,3,3,4,3,9,11,12,15,15,14,14,14,14,15,17,19,20,19,20,20,19,18,18,19,21,22,20,25,20,29,26
,,Canned pasta,1,1,1,1,1,2,2,2,2,2,2,2,2,2,2,3,3,3,3,3,3,3,4,3,3,3,3,3,3,3,3,3,3,3,3,3,3,3,3,3,2,2,2,2,3,2,2,3,2,2,3
,,Dried and fresh pasta,,,,,,,,,,,,,,,,,,,,,,,,,6,8,9,11,11,10,11,10,10,11,13,14,15,15,16,16,15,14,15,15,16,17,16,19,16,25,22
,,Takeaway pasta and noodles,,,,,,,,,,,,,,,,,,,,,,,,,,,,1,1,1,1,1,1,1,1,1,1,1,1,1,1,1,1,2,2,2,2,4,2,3,2
,Pizza,,0,0,0,0,0,0,0,1,1,3,3,4,5,6,8,10,14,14,17,19,19,28,27,29,31,35,34,44,41,43,43,47,46,51,49,47,54,55,61,57,57,66,68,71,71,76,77,75,61,69,76
,,"Pizzas, frozen and not frozen",0,0,0,0,0,0,0,0,0,3,3,3,4,5,6,8,10,11,12,14,13,16,18,20,20,21,19,22,21,21,22,23,23,23,24,25,26,26,28,29,28,31,30,31,35,35,34,38,36,43,43
,,Takeaway pizza,0,0,0,0,0,0,0,0,0,0,0,0,1,1,2,2,4,4,5,6,5,12,9,10,11,14,14,23,20,22,22,24,23,28,25,21,28,29,33,27,29,35,38,40,36,41,43,37,26,26,34
,Other cereal convenience foods,,2,3,4,5,6,7,9,11,12,8,9,10,12,12,13,16,17,22,24,19,20,22,24,26,24,24,28,33,35,33,31,32,34,33,35,38,42,41,43,47,50,52,51,52,56,56,60,70,63,64,71
,,"Cake, pudding and dessert mixes",0,1,1,1,1,1,2,2,2,2,2,2,2,2,2,2,2,2,2,2,2,2,2,2,2,1,1,3,3,2,2,2,2,2,2,2,2,2,2,2,2,2,2,2,3,3,2,3,2,2,2
,,Cereal snacks,1,1,1,1,1,1,1,1,2,1,2,2,3,3,3,4,4,6,6,5,6,7,6,7,8,7,8,11,12,10,9,9,9,9,10,12,13,13,14,16,17,17,17,16,18,18,20,23,21,21,26
,,"Quiches and flans, frozen and not frozen",0,0,0,0,0,0,1,1,1,1,1,1,1,1,1,2,2,2,2,2,2,2,3,3,3,3,4,5,5,5,6,5,5,5,5,5,5,5,5,6,5,6,5,5,7,6,6,7,7,7,6
,,"Takeaway crisps, savoury snacks, popcorn, popadums, prawn crackers",0,0,0,0,0,0,0,0,0,0,0,0,0,0,0,0,0,1,1,1,1,1,1,1,1,1,1,2,1,2,2,2,2,2,1,1,2,2,2,2,2,2,2,2,2,2,2,2,1,1,1
,,"Other cereal foods, frozen and not frozen",1,2,2,3,3,4,6,7,7,3,4,5,6,6,7,8,9,12,13,10,10,11,13,13,11,12,14,14,13,14,13,14,16,15,17,18,21,19,20,21,24,25,25,27,27,28,29,34,32,34,35
,Other cereals,,0,0,0,0,0,1,1,1,1,1,1,1,2,2,2,2,2,2,3,3,3,3,4,5,1,1,1,1,1,1,1,1,2,2,2,2,2,2,2,2,3,2,3,3,3,3,3,2,3,3,3
Beverages,,,12,13,17,27,29,30,32,31,31,37,43,47,50,48,49,50,50,53,50,49,50,51,53,51,56,49,50,44,42,41,42,41,42,43,44,48,51,51,56,54,56,59,59,59,59,62,67,74,72,64,72
,Tea,,6,6,7,14,13,13,13,14,14,17,20,21,19,19,19,19,21,23,21,19,20,19,19,19,21,19,19,18,18,16,16,16,16,16,16,18,19,18,18,18,17,16,16,17,14,15,17,17,16,16,18
,Coffee beans and ground coffee,,0,1,1,1,1,1,2,2,2,2,2,3,3,3,3,3,3,2,3,3,3,4,4,4,4,5,4,3,3,4,3,3,3,4,4,4,5,5,8,7,12,13,13,14,16,17,22,24,25,21,23
,Instant coffee,,4,5,6,9,11,12,13,12,12,14,17,19,22,21,21,21,19,20,18,19,21,21,22,20,24,17,19,19,17,17,18,17,18,18,20,22,21,22,24,24,22,24,24,22,25,25,22,25,24,22,23
,Coffee essences,,0,0,0,0,0,0,0,0,0,0,0,0,0,0,0,0,0,0,0,0,0,0,0,0,0,0,0,0,0,0,0,0,0,0,0,0,0,0,0,0,0,0,0,0,0,0,0,0,1,0,0
,Tea and coffee from takeaway,,,,,,,,,,,,,,,,,,,,,,,,,,,,,,0,0,0,0,0,0,0,0,0,0,0,1,1,1,1,1,1,1,1,2,1,2,3
,Cocoa and chocolate drinks,,1,1,1,1,2,2,2,2,2,2,2,2,3,3,4,3,4,3,3,2,2,2,3,3,4,4,4,3,2,2,2,3,3,3,3,3,3,3,4,4,3,4,4,4,2,3,5,5,5,3,5
,Malt drinks and chocolate versions of malted drinks,,1,1,1,1,1,2,1,1,1,1,1,2,2,2,2,3,3,5,6,6,5,5,5,5,3,4,3,2,1,2,2,2,1,1,1,1,1,1,1,1,1,1,1,1,1,1,1,1,1,0,1
Other food and drink,,,12,15,17,20,21,24,28,32,33,37,39,41,45,47,51,56,61,69,75,76,78,82,88,94,96,96,105,113,116,118,123,124,128,130,135,144,144,148,159,162,159,157,158,164,167,181,182,211,187,202,213
,Mineral or spring waters,,,,,,,,,,,0,0,1,1,1,1,3,3,4,6,5,5,6,6,7,8,8,8,8,8,9,10,10,12,10,9,9,10,10,12,12,14,14,14,15,16,18,15,13,15,16,19
,Baby foods,,1,1,1,1,1,1,1,1,1,1,2,2,2,2,2,2,3,2,2,2,2,2,2,3,3,3,3,3,3,3,2,3,3,4,3,5,4,4,5,5,5,4,5,3,4,5,4,2,3,4,4
,Soups - canned or cartons,,2,3,3,3,3,4,4,5,5,5,5,5,5,6,6,6,6,7,7,7,8,7,9,9,10,9,10,10,11,11,12,12,12,12,13,14,14,15,17,16,14,14,15,13,16,14,15,16,13,15,14
,Soups - dehydrated or powdered,,0,1,1,1,1,1,1,1,2,2,2,2,2,2,2,3,2,3,2,3,2,2,2,2,2,2,2,2,2,2,3,2,2,2,2,2,3,3,3,3,3,2,2,2,2,2,2,2,2,2,2
,Soups - from takeaway,,,,,,,,,,,,,,,,,,,,,,,,,,,,,0,0,0,0,1,1,1,0,0,1,0,0,1,0,0,1,1,1,0,0,0,0,1,1
,Other takeaway food brought home,,,,,,,,,,,,,,,,,,,,,,,,,,,,,0,0,0,0,0,0,0,0,0,0,0,0,0,0,0,0,0,0,0,0,0,1,1,1
,Meals on wheels - items not specified,,,,,,,,,,,,,,,,,,,,,,,,,,,,,0,1,2,1,1,1,1,1,0,1,1,1,0,0,,,,0,0,0,0,0,0,0
,Spreads and dressings,,1,1,1,1,1,1,1,2,2,2,2,2,3,3,3,3,4,4,4,5,5,5,6,6,6,7,8,10,11,11,13,13,13,14,15,16,16,17,18,20,18,18,18,17,18,21,20,23,20,21,25
,,Salad dressings,0,1,1,1,1,1,1,1,2,2,2,2,3,2,3,3,3,3,4,4,4,4,5,5,6,6,7,9,10,10,11,11,11,12,12,13,13,14,14,15,14,14,14,12,13,15,15,15,16,16,19
,,Other spreads and dresssings,0,0,0,0,0,0,0,0,0,0,0,0,0,0,0,0,1,1,1,1,1,1,1,1,1,1,1,1,1,1,2,2,2,2,2,3,3,3,4,5,5,5,5,5,5,7,5,8,5,5,6
,Pickles and sauces,,2,3,3,4,4,5,6,7,7,8,8,8,9,9,11,12,13,15,17,20,19,21,23,26,28,28,32,32,32,32,33,33,35,36,36,40,40,41,42,44,43,41,40,43,41,43,44,52,47,51,55
,,Pickles,0,0,0,0,1,1,1,1,1,1,1,1,1,1,1,1,2,2,2,2,2,3,3,3,3,3,4,4,4,3,3,2,3,3,3,3,3,3,3,3,3,3,3,4,3,3,3,4,3,4,4
,,Sauces,2,3,3,3,4,4,5,6,6,7,7,7,8,8,9,10,11,13,15,16,16,17,19,22,24,23,27,27,27,27,29,29,30,32,32,36,36,36,38,39,38,37,36,38,35,37,38,45,42,45,49
,,Takeaway sauces and mayonnnaise,0,0,0,0,0,0,0,0,0,0,0,0,0,0,0,0,1,1,1,1,1,1,1,1,1,1,1,1,1,1,1,1,2,1,1,2,1,1,2,2,2,2,2,2,2,2,3,2,2,3,2
,Stock cubes and meat and yeast extracts,,1,1,1,2,2,2,2,3,2,3,3,3,3,3,4,3,4,4,4,4,3,3,4,4,4,4,4,4,4,4,4,4,4,4,4,5,5,5,6,6,5,6,5,5,4,4,5,5,4,4,4
,Jelly squares or crystals,,1,1,1,1,1,1,1,1,1,1,1,1,1,1,1,1,1,1,1,1,1,1,1,1,1,1,1,1,1,1,1,1,1,1,2,1,2,2,2,2,2,2,2,2,3,2,2,3,3,2,2
,Ice cream tub or block,,1,1,2,2,3,3,4,4,5,5,5,5,6,6,7,8,9,10,10,9,10,10,8,6,6,8,8,9,9,10,9,9,10,9,10,10,10,11,12,12,11,11,11,11,11,14,15,21,15,14,13
,Ice cream products including takeaways,,1,1,1,1,2,2,2,2,3,3,3,3,3,4,4,5,5,6,6,7,7,9,11,13,12,11,13,12,12,12,12,11,12,11,12,12,12,13,13,14,15,15,15,16,17,22,20,24,24,23,26
,,"Ice cream cornets, choc-ices, lollies with ice cream",0,1,1,1,1,1,2,2,2,2,2,2,3,3,3,4,4,5,5,5,6,7,8,10,10,8,10,8,9,8,8,8,8,7,8,9,9,8,9,9,10,10,10,11,11,14,13,17,16,16,17
,,"Ice lollies, sorbet, frozen mousse, frozen yoghurt",0,0,0,0,0,0,0,1,1,1,1,1,1,1,1,1,1,1,1,1,2,2,3,3,2,3,3,3,3,3,3,3,3,3,3,3,3,4,3,4,4,4,4,4,4,6,5,5,5,5,6
,,"Takeaway ice cream, ice cream products, milkshakes",,,,,,,,,,,,,,,,,,,,,,,,,,,,1,1,1,1,1,1,1,1,1,1,1,1,1,1,1,1,2,1,3,2,2,3,2,2
,Salt,,0,0,0,0,0,0,0,0,0,0,0,0,0,0,0,0,0,1,1,1,1,2,2,4,3,4,3,3,3,3,4,3,3,4,4,5,4,4,5,4,5,5,1,1,1,1,1,2,1,2,3
,Artificial sweeteners,,0,0,0,0,0,1,1,1,1,1,1,1,1,1,1,1,1,1,1,1,1,1,1,1,1,1,1,1,1,1,1,1,1,1,1,1,1,1,1,1,1,1,2,1,1,2,2,1,1,2,1
,"Other miscellaneous payments, expenditure only",,0,0,0,0,0,0,0,0,0,0,0,0,0,1,1,1,1,1,1,1,2,1,1,1,1,1,1,2,2,2,2,2,2,2,1,1,2,1,2,2,2,2,21,26,26,26,26,37,29,33,35
,,Vinegar,2,2,3,3,3,4,4,5,5,6,6,7,8,8,8,9,9,11,12,11,11,11,11,11,11,10,13,15,15,15,18,17,18,18,22,21,20,20,21,21,21,21,1,1,2,2,1,3,2,2,2
,,Spices and dried herbs,,,,,,,,,,,,,,,,,,,,,,,,,,,,5,5,5,5,6,5,5,6,7,7,7,7,7,8,7,7,9,9,10,11,13,10,13,14
,,"Bisto, gravy granules, stuffing mix, baking powder, yeast",,,,,,,,,,,,,,,,,,,,,,,,,,,,5,5,6,5,6,5,6,6,6,6,6,7,7,6,7,7,8,9,8,8,12,9,11,10
,,Wine and beer making kits,,,,,,,,,,,,,,,,,,,,,,,,,,,,0,0,0,0,0,0,0,0,0,0,0,0,0,0,0,0,1,0,0,0,0,1,0,2
,,"Fruit teas, instant tea, herbal tea, rosehip tea",,,,,,,,,,,,,,,,,,,,,,,,,,,,2,2,2,2,2,2,2,2,2,2,2,2,2,3,4,4,5,4,4,4,6,3,3,3
,,"Other payments for food and drink, type not specified",2,2,3,3,3,4,4,5,5,6,6,7,8,8,8,9,9,11,12,11,11,11,11,11,11,10,13,2,2,2,5,3,3,4,6,5,3,3,3,3,2,2,1,2,2,2,2,3,4,4,5
,Soya and novel protein foods,,0,0,0,0,0,0,0,0,0,0,0,0,0,0,0,0,0,1,1,1,1,2,2,4,3,4,3,3,3,3,4,3,3,4,4,5,4,4,5,4,5,5,5,6,6,7,10,10,9,11,8
Soft drinks,,,,,,,,,,,,,,,,,,,,,47,49,48,54,56,57,57,61,65,72,74,83,81,77,81,79,81,85,89,93,96,100,95,93,92,92,100,112,111,124,119,123,141
,"Soft drinks, concentrated, not low calorie [note 10]",,,,,,,,,,,,,,,,,,,,14,12,11,10,11,11,10,11,12,10,10,11,11,10,11,10,10,11,10,8,8,8,7,7,7,6,6,6,6,7,8,6,6
,"Soft drinks, not concentrated,  not low calorie",,,,,,,,,,,,,,,,,,,,22,23,23,27,28,28,28,31,33,41,44,50,51,47,47,47,48,52,52,51,51,52,51,46,46,41,47,50,47,48,49,47,54
,"Soft drinks, concentrated, low calorie [note 10]",,,,,,,,,,,,,,,,,,,,2,3,4,4,3,4,4,4,3,3,3,2,2,2,3,3,3,3,4,6,7,8,8,7,7,9,6,8,9,10,8,8,10
,"Soft drinks, not concentrated, low calorie",,,,,,,,,,,,,,,,,,,,10,11,11,13,14,14,15,15,17,17,18,19,17,17,20,20,19,20,23,28,30,32,30,32,32,37,40,48,48,59,53,61,70
Confectionery,,,,,,,,,,,,,,,,,,,,,56,60,60,63,70,72,71,67,84,81,77,81,84,78,80,83,87,93,96,101,102,104,110,113,114,112,122,116,132,152,133,138,143
,Chocolate bars - solid,,,,,,,,,,,,,,,,,,,,13,14,13,15,17,16,17,15,19,18,17,18,20,20,20,21,22,23,25,26,29,31,33,32,32,34,37,35,41,52,46,47,46
,Chocolate bars - filled,,,,,,,,,,,,,,,,,,,,27,29,30,31,34,38,37,34,46,39,36,39,40,36,37,39,40,44,45,47,43,44,47,48,50,46,52,48,56,58,51,54,58
,Chewing gum,,,,,,,,,,,,,,,,,,,,1,1,1,1,1,1,2,2,2,3,3,3,3,3,3,4,4,3,3,3,3,3,3,4,4,4,3,4,4,3,3,3,4
,Mints and boiled sweets,,,,,,,,,,,,,,,,,,,,13,14,13,14,14,14,14,14,15,19,19,19,18,17,17,18,19,20,21,22,24,24,25,25,25,25,27,27,28,33,29,31,32
,,Mints,,,,,,,,,,,,,,,,,,,2,1,1,1,2,2,2,2,2,2,2,3,2,2,3,2,2,2,2,3,2,2,2,2,1,2,2,2,2,2,2,2,2
,,Boiled sweets,,,,,,,,,,,,,,,,,,,11,13,12,13,12,12,11,12,12,16,17,16,16,15,15,16,16,18,18,20,22,22,23,24,23,23,25,25,26,31,28,29,30
,"Fudges, toffees, caramels",,,,,,,,,,,,,,,,,,,,2,2,2,2,3,2,2,2,2,2,2,2,2,2,2,2,2,2,2,2,2,2,2,3,3,3,3,3,3,6,4,2,3
,Takeaway confectionery,,,,,,,,,,,,,,,,,,,,,,,,,,,,,0,0,0,0,0,0,0,0,0,0,0,0,0,0,0,0,0,0,0,0,0,0,0,0
Alcoholic drinks,,,,,,,,,,,,,,,,,,,,,151,158,152,180,187,193,211,208,239,244,249,265,266,265,273,281,262,289,307,308,330,324,330,332,328,351,385,380,392,482,395,360,364
,Beers,,,,,,,,,,,,,,,,,,,,18,18,19,21,23,25,21,21,24,20,20,19,18,16,19,20,17,21,21,19,21,20,19,22,23,28,25,26,28,48,34,35,31
,Lagers and continental beers,,,,,,,,,,,,,,,,,,,,26,27,26,31,33,35,36,36,42,46,45,51,49,47,49,47,45,48,48,48,49,51,50,47,48,56,54,56,60,73,62,46,54
,Ciders and perry,,,,,,,,,,,,,,,,,,,,7,6,7,10,11,8,9,8,8,7,6,8,7,7,8,11,11,13,14,15,15,17,16,16,15,14,17,19,16,20,16,18,17
,Wine and champagne,,,,,,,,,,,,,,,,,,,,49,56,55,65,67,75,97,90,103,107,110,118,131,134,133,139,130,143,153,156,164,161,160,165,161,169,190,190,184,232,181,171,175
,,"Champagne, sparkling wines and wine with mixer",,,,,,,,,,,,,,,,,,,1,1,1,1,2,2,1,1,1,7,7,8,10,8,12,11,7,8,16,10,13,16,18,19,20,19,24,30,22,28,27,17,22
,,Table wine,,,,,,,,,,,,,,,,,,,49,55,54,64,66,74,96,89,102,100,103,110,121,126,121,128,123,135,137,145,150,145,141,145,141,150,166,160,162,204,154,154,153
,Spirits with mixer,,,,,,,,,,,,,,,,,,,,0,0,0,0,1,1,0,0,1,0,0,0,0,0,0,0,0,0,1,1,1,1,1,1,1,1,1,2,3,3,3,2,3
,Fortified wines,,,,,,,,,,,,,,,,,,,,11,9,10,9,10,10,8,9,10,9,10,8,8,8,7,7,7,6,6,7,7,7,7,6,7,6,7,5,6,7,5,5,4
,Spirits,,,,,,,,,,,,,,,,,,,,37,39,33,40,40,36,36,40,45,46,45,47,44,42,46,47,43,48,54,51,61,58,65,60,60,67,76,72,83,85,81,70,68
,Liqueurs and cocktails,,,,,,,,,,,,,,,,,,,,3,2,3,2,2,3,3,3,4,5,6,6,5,6,7,6,7,7,9,7,9,8,10,12,12,9,13,10,10,13,11,12,12
,Alcopops,,,,,,,,,,,,,,,,,,,,0,0,0,0,0,1,0,1,3,6,6,6,4,4,4,2,3,2,3,3,3,2,2,2,2,1,1,1,1,1,1,1,1
